,result,t1_avg_pts_mu,t1_avg_pts_tot,t1_avg_recv_mu,t1_avg_recv_tot,t1_avg_scrd_mu,t1_avg_scrd_tot,t1_home,t1_standing,t2_avg_pts_mu,t2_avg_pts_tot,t2_avg_recv_tot,t2_avg_scrd_tot,t2_standing
0,1.0,1.0,1.2763157894736843,2.0,1.394736842105263,1.25,1.4605263157894737,1.0,8.0,1.75,2.1315789473684212,0.7236842105263158,1.894736842105263,2.0
1,1.0,3.0,2.3289473684210527,0.0,0.6052631578947368,1.0,1.9473684210526316,1.0,1.0,0.0,0.9210526315789473,1.631578947368421,1.2105263157894737,20.0
2,2.0,0.25,1.6842105263157894,2.25,0.9210526315789473,0.75,1.4473684210526316,1.0,5.0,2.5,2.039473684210526,0.8947368421052632,1.868421052631579,4.0
3,2.0,1.75,1.605263157894737,0.75,1.3026315789473684,1.5,1.644736842105263,1.0,6.0,1.0,1.118421052631579,1.263157894736842,0.8947368421052632,11.0
4,2.0,1.25,1.3026315789473684,1.75,1.4210526315789473,1.5,1.1842105263157894,1.0,15.0,1.25,1.381578947368421,1.355263157894737,1.355263157894737,10.0
5,2.0,1.75,1.0263157894736843,1.0,1.4078947368421053,1.75,1.013157894736842,1.0,13.0,1.0,0.9868421052631579,1.486842105263158,0.9210526315789473,16.0
6,2.0,1.0,1.2894736842105263,1.25,1.2763157894736843,1.0,1.131578947368421,1.0,14.0,1.75,1.1710526315789473,1.236842105263158,1.013157894736842,7.0
7,1.0,0.0,1.1842105263157894,0.0,1.4473684210526316,0.0,1.0,1.0,12.0,0.0,,,,20.0
8,2.0,0.0,,0.0,,0.0,,1.0,20.0,0.0,1.3157894736842106,1.25,1.105263157894737,9.0
9,1.0,2.0,2.210526315789474,0.0,0.6578947368421053,1.5,1.75,1.0,3.0,0.5,0.9210526315789473,1.6842105263157894,1.0263157894736843,17.0
10,2.0,0.75,1.4025974025974026,1.25,1.3376623376623376,0.5,1.3636363636363635,1.0,4.0,2.25,1.6623376623376624,0.987012987012987,1.4415584415584415,20.0
11,1.0,3.0,2.051948051948052,0.75,0.8961038961038961,2.25,1.922077922077922,1.0,1.0,0.0,1.0129870129870129,1.4025974025974026,1.0,15.0
12,1.0,0.5,1.1948051948051948,1.5,1.2207792207792207,1.0,1.0129870129870129,1.0,8.0,2.0,1.2857142857142858,1.4285714285714286,1.1688311688311688,16.0
13,1.0,0.5,1.3376623376623376,1.25,1.2337662337662338,0.75,1.1168831168831168,1.0,5.0,2.0,1.5844155844155845,1.3116883116883118,1.6233766233766234,18.0
14,1.0,1.0,2.103896103896104,0.0,0.7402597402597403,0.0,1.8831168831168832,1.0,11.0,1.0,1.2307692307692308,1.4102564102564104,1.0256410256410255,2.0
15,1.0,0.0,0.8974358974358975,3.0,1.6153846153846154,1.0,1.1794871794871795,1.0,14.0,3.0,1.2727272727272727,1.2727272727272727,1.1168831168831168,13.0
16,1.0,0.0,0.0,0.0,2.0,0.0,0.0,1.0,19.0,0.0,2.3376623376623376,0.5974025974025974,1.9350649350649352,9.0
17,2.0,1.5,0.8974358974358975,1.0,1.6923076923076923,1.0,1.0256410256410255,1.0,12.0,1.5,1.2987012987012987,1.3896103896103895,1.4675324675324675,7.0
18,2.0,0.0,1.0129870129870129,2.75,1.4675324675324675,0.5,0.922077922077922,1.0,10.0,3.0,2.220779220779221,0.6623376623376623,1.7532467532467533,6.0
19,2.0,0.0,1.1428571428571428,0.0,1.2467532467532467,0.0,0.9090909090909091,1.0,3.0,0.0,0.0,2.0,0.0,17.0
20,2.0,2.0,2.1153846153846154,0.75,0.7307692307692307,2.25,1.9102564102564104,1.0,6.0,0.5,1.564102564102564,1.3205128205128205,1.6153846153846154,18.0
21,2.0,0.5,1.2179487179487178,1.75,1.205128205128205,1.0,1.0384615384615385,1.0,3.0,2.0,2.230769230769231,0.6666666666666666,1.7692307692307692,4.0
22,1.0,0.0,1.5,0.0,1.0,0.0,0.5,1.0,12.0,0.0,1.6794871794871795,0.9743589743589743,1.4487179487179487,15.0
23,2.0,0.25,1.358974358974359,2.0,1.2307692307692308,0.25,1.1282051282051282,1.0,5.0,2.5,1.3205128205128205,1.3846153846153846,1.5128205128205128,2.0
24,1.0,2.5,2.0641025641025643,0.25,0.9102564102564102,1.75,1.9487179487179487,1.0,1.0,0.25,1.2564102564102564,1.2692307692307692,1.1025641025641026,16.0
25,0.0,0.0,0.95,0.0,1.575,0.0,1.175,1.0,10.0,0.0,1.2,1.475,1.0,14.0
26,1.0,0.5,0.875,1.0,1.775,0.5,1.025,1.0,19.0,2.0,1.0,1.435897435897436,1.0128205128205128,17.0
27,1.0,0.0,1.3846153846153846,0.0,1.3461538461538463,0.0,1.3461538461538463,1.0,8.0,0.0,1.5,1.0,0.5,13.0
28,1.0,1.0,1.0,1.0,1.4871794871794872,0.75,0.9230769230769231,1.0,11.0,1.75,1.2692307692307692,1.4487179487179487,1.1538461538461537,20.0
29,2.0,0.0,1.1282051282051282,2.25,1.2435897435897436,0.25,0.8974358974358975,1.0,7.0,3.0,2.3076923076923075,0.6025641025641025,1.9102564102564104,9.0
30,1.0,1.0,1.5822784810126582,1.5,1.3164556962025316,1.0,1.6329113924050633,1.0,13.0,1.75,1.2025316455696202,1.2151898734177216,1.0253164556962024,6.0
31,1.0,2.25,1.6582278481012658,0.75,0.9746835443037974,2.0,1.4303797468354431,1.0,16.0,0.75,1.1139240506329113,1.2911392405063291,0.8860759493670886,17.0
32,2.0,1.0,1.240506329113924,2.25,1.3037974683544304,0.75,1.1012658227848102,1.0,19.0,1.75,1.4050632911392404,1.3291139240506329,1.3417721518987342,7.0
33,1.0,1.25,2.3164556962025316,1.25,0.5949367088607594,1.25,1.9493670886075949,1.0,4.0,1.25,2.0759493670886076,0.9113924050632911,1.9746835443037976,1.0
34,0.0,0.25,1.2531645569620253,2.0,1.4556962025316456,0.75,1.1518987341772151,1.0,20.0,2.5,1.3417721518987342,1.240506329113924,1.1265822784810127,5.0
35,2.0,0.0,0.9873417721518988,3.0,1.4303797468354431,0.25,1.0,1.0,18.0,3.0,2.088607594936709,0.759493670886076,1.8987341772151898,12.0
36,1.0,1.5,1.1951219512195121,1.0,1.4390243902439024,0.5,0.975609756097561,1.0,11.0,1.5,1.0253164556962024,1.481012658227848,0.9367088607594937,8.0
37,1.0,0.0,1.3417721518987342,3.5,1.379746835443038,1.5,1.518987341772152,1.0,2.0,3.0,0.9512195121951219,1.5365853658536586,1.146341463414634,10.0
38,0.0,0.0,1.0,0.0,1.0,0.0,0.3333333333333333,1.0,14.0,0.0,0.926829268292683,1.7317073170731707,1.024390243902439,15.0
39,1.0,0.0,2.240506329113924,0.0,0.6582278481012658,0.0,1.7721518987341771,1.0,3.0,0.0,2.0,0.6666666666666666,0.6666666666666666,9.0
40,1.0,0.75,1.1875,1.5,1.225,0.25,1.0125,1.0,10.0,2.25,1.675,0.975,1.4375,12.0
41,2.0,0.0,0.9285714285714286,3.5,1.5476190476190477,1.0,1.1428571428571428,1.0,14.0,3.0,1.6,1.3,1.6375,9.0
42,2.0,0.5,1.3625,1.75,1.375,0.75,1.525,1.0,2.0,2.0,2.325,0.6,1.95,4.0
43,1.0,0.0,1.25,0.0,1.4375,0.0,1.1375,1.0,18.0,0.0,1.0,1.0,0.5,15.0
44,1.0,0.0,2.1,0.0,0.775,0.0,1.9125,1.0,8.0,0.0,1.5,1.25,0.5,13.0
45,1.0,0.75,1.425,1.5,1.3125,1.0,1.3375,1.0,5.0,2.25,2.05,0.925,1.9625,3.0
46,2.0,2.25,1.225,0.75,1.3,1.5,1.0875,1.0,20.0,0.75,0.975,1.45,1.0125,19.0
47,2.0,0.0,1.2380952380952381,2.0,1.4047619047619047,0.5,0.9761904761904762,1.0,7.0,3.0,2.25,0.65,1.7875,1.0
48,1.0,3.0,1.0125,0.5,1.475,2.5,0.925,1.0,11.0,0.0,0.9285714285714286,1.7142857142857142,1.0238095238095237,16.0
49,1.0,1.0,1.1,1.0,1.3,0.75,0.8875,1.0,17.0,1.75,1.3375,1.225,1.1125,6.0
50,1.0,1.25,2.259259259259259,1.5,0.654320987654321,1.75,1.7901234567901234,1.0,1.0,1.25,1.345679012345679,1.3950617283950617,1.5185185185185186,3.0
51,1.0,0.75,1.654320987654321,1.0,0.9876543209876543,0.75,1.4320987654320987,1.0,12.0,1.5,1.271604938271605,1.4320987654320987,1.1604938271604939,16.0
52,1.0,0.0,0.8,0.0,1.4,0.0,0.6,1.0,17.0,0.0,1.2098765432098766,1.2222222222222223,1.0246913580246915,9.0
53,1.0,1.5,2.3333333333333335,0.75,0.6049382716049383,1.0,1.962962962962963,1.0,2.0,1.5,1.4444444444444444,1.3209876543209877,1.3703703703703705,4.0
54,2.0,1.0,1.3209876543209877,1.75,1.2222222222222223,0.25,1.0987654320987654,1.0,10.0,1.75,2.111111111111111,0.7654320987654321,1.9382716049382716,6.0
55,1.0,2.5,2.0246913580246915,0.25,0.9629629629629629,1.75,1.962962962962963,1.0,5.0,0.25,1.123456790123457,1.2839506172839505,0.8888888888888888,13.0
56,1.0,1.0,1.617283950617284,1.25,1.2839506172839505,0.5,1.6296296296296295,1.0,8.0,1.75,1.2098765432098766,1.3209876543209877,1.0987654320987654,20.0
57,0.0,1.5,1.0,1.5,1.4567901234567902,1.5,1.037037037037037,1.0,19.0,1.5,1.2093023255813953,1.4186046511627908,0.9767441860465116,11.0
58,2.0,0.0,0.9069767441860465,0.0,1.7674418604651163,0.0,1.0232558139534884,1.0,18.0,0.0,0.9069767441860465,1.5348837209302326,1.1162790697674418,15.0
59,1.0,0.0,1.2,0.0,1.8,0.0,0.4,1.0,14.0,0.0,1.037037037037037,1.4691358024691359,0.9629629629629629,7.0
60,1.0,1.75,1.4268292682926829,0.5,1.353658536585366,1.5,1.3902439024390243,1.0,6.0,1.0,1.3048780487804879,1.2439024390243902,1.1097560975609757,13.0
61,1.0,0.0,1.024390243902439,0.0,1.4878048780487805,0.0,0.9634146341463414,1.0,8.0,0.0,1.1666666666666667,1.3333333333333333,0.8333333333333334,15.0
62,2.0,1.0,1.1951219512195121,1.25,1.2317073170731707,0.5,1.024390243902439,1.0,9.0,1.75,2.0365853658536586,0.9512195121951219,1.9878048780487805,3.0
63,2.0,1.5,0.9545454545454546,1.5,1.5,0.5,1.1136363636363635,1.0,14.0,1.5,1.0,1.451219512195122,1.0365853658536586,17.0
64,1.0,0.25,1.2560975609756098,2.5,1.451219512195122,0.75,1.146341463414634,1.0,18.0,2.5,1.6341463414634145,1.2682926829268293,1.6341463414634145,5.0
65,1.0,2.0,2.1219512195121952,1.5,0.7804878048780488,2.5,1.951219512195122,1.0,4.0,0.5,0.8863636363636364,1.75,1.0,19.0
66,2.0,0.0,1.2045454545454546,3.0,1.4090909090909092,0.0,0.9772727272727273,1.0,12.0,3.0,2.341463414634146,0.6341463414634146,1.9878048780487805,2.0
67,1.0,0.0,1.329268292682927,0.0,1.4146341463414633,0.0,1.5,1.0,7.0,0.0,1.5,1.6666666666666667,0.8333333333333334,11.0
68,1.0,0.25,1.1097560975609757,1.5,1.3170731707317074,0.5,0.8780487804878049,1.0,16.0,2.5,2.268292682926829,0.6463414634146342,1.8048780487804879,1.0
69,2.0,1.75,1.1951219512195121,1.0,1.329268292682927,1.5,1.0853658536585367,1.0,20.0,1.0,1.670731707317073,0.975609756097561,1.451219512195122,10.0
70,0.0,1.0,1.6144578313253013,1.5,1.2771084337349397,1.25,1.6265060240963856,1.0,8.0,1.75,1.4457831325301205,1.3493975903614457,1.4096385542168675,6.0
71,1.0,0.5,2.2409638554216866,1.0,0.6746987951807228,0.25,1.7951807228915662,1.0,2.0,2.0,2.1325301204819276,0.7831325301204819,2.0,4.0
72,0.0,3.0,1.6867469879518073,1.5,0.963855421686747,3.0,1.4457831325301205,1.0,9.0,0.0,1.1777777777777778,1.4222222222222223,0.9555555555555556,13.0
73,0.0,3.0,1.2891566265060241,0.75,1.2650602409638554,2.0,1.108433734939759,1.0,14.0,0.0,1.180722891566265,1.2289156626506024,1.0120481927710843,10.0
74,1.0,2.5,2.0481927710843375,0.25,0.9397590361445783,2.75,1.9759036144578312,1.0,3.0,0.25,1.2771084337349397,1.4457831325301205,1.1566265060240963,18.0
75,0.0,3.0,2.3493975903614457,0.25,0.6265060240963856,2.0,1.9879518072289157,1.0,1.0,0.0,1.0481927710843373,1.4939759036144578,1.0120481927710843,7.0
76,0.0,1.25,1.0240963855421688,1.5,1.4457831325301205,1.25,1.0481927710843373,1.0,16.0,1.25,1.3493975903614457,1.3975903614457832,1.5421686746987953,5.0
77,1.0,0.0,1.2857142857142858,0.0,2.142857142857143,0.0,0.7142857142857143,1.0,12.0,0.0,0.9333333333333333,1.511111111111111,1.1111111111111112,15.0
78,1.0,0.0,0.8666666666666667,3.0,1.8444444444444446,0.0,1.0,1.0,19.0,3.0,1.1325301204819278,1.3132530120481927,0.9036144578313253,11.0
79,2.0,0.0,1.0,0.0,1.8571428571428572,0.0,1.0,1.0,17.0,0.0,1.180722891566265,1.3253012048192772,1.072289156626506,20.0
80,1.0,0.0,1.1785714285714286,1.5,1.2380952380952381,0.5,1.0238095238095237,1.0,11.0,3.0,0.9130434782608695,1.826086956521739,1.0217391304347827,19.0
81,0.0,1.25,1.119047619047619,0.75,1.3214285714285714,0.75,0.9047619047619048,1.0,13.0,1.25,1.4404761904761905,1.3452380952380953,1.4047619047619047,5.0
82,1.0,0.0,1.2619047619047619,0.0,1.5,0.0,1.1666666666666667,1.0,18.0,0.0,1.5,2.0,0.875,10.0
83,1.0,1.0,2.0595238095238093,1.5,0.9523809523809523,1.5,2.0238095238095237,1.0,3.0,1.0,0.9130434782608695,1.5217391304347827,1.108695652173913,16.0
84,0.0,0.0,1.6785714285714286,0.0,0.9642857142857143,0.0,1.4404761904761905,1.0,9.0,0.0,0.875,1.75,0.875,17.0
85,1.0,2.25,2.3333333333333335,0.25,0.6428571428571429,1.25,1.9880952380952381,1.0,2.0,0.75,1.0238095238095237,1.4523809523809523,1.0595238095238095,15.0
86,2.0,1.0,1.2023809523809523,1.0,1.3095238095238095,0.75,1.0714285714285714,1.0,20.0,1.75,1.3452380952380953,1.4047619047619047,1.5476190476190477,4.0
87,1.0,0.0,1.173913043478261,1.5,1.4130434782608696,0.5,0.9565217391304348,1.0,12.0,3.0,1.2857142857142858,1.2738095238095237,1.119047619047619,14.0
88,1.0,0.0,1.0476190476190477,2.0,1.5,0.0,1.0238095238095237,1.0,7.0,3.0,2.107142857142857,0.7976190476190477,1.9761904761904763,6.0
89,1.0,1.0,1.6071428571428572,1.75,1.2738095238095237,1.5,1.619047619047619,1.0,8.0,1.75,2.25,0.6666666666666666,1.7976190476190477,1.0
90,0.0,0.25,1.2705882352941176,1.25,1.2823529411764707,0.0,1.1176470588235294,1.0,15.0,2.5,2.070588235294118,0.9529411764705882,2.0352941176470587,2.0
91,0.0,0.5,1.4352941176470588,2.5,1.3411764705882352,1.75,1.4,1.0,5.0,2.0,1.2,1.223529411764706,1.035294117647059,10.0
92,1.0,1.5,2.0823529411764707,1.5,0.8,1.5,1.9529411764705882,1.0,8.0,1.5,2.3411764705882354,0.6470588235294118,1.988235294117647,1.0
93,1.0,0.0,1.011764705882353,2.0,1.4588235294117646,0.25,1.0588235294117647,1.0,16.0,3.0,1.6705882352941177,0.9647058823529412,1.4352941176470588,9.0
94,1.0,2.5,2.223529411764706,0.0,0.6823529411764706,1.25,1.7882352941176471,1.0,3.0,0.25,1.2823529411764707,1.5058823529411764,1.188235294117647,14.0
95,1.0,0.5,0.8936170212765957,2.0,1.553191489361702,1.0,1.1063829787234043,1.0,18.0,2.0,1.0705882352941176,1.4823529411764707,1.0235294117647058,6.0
96,2.0,0.0,1.3333333333333333,0.0,2.111111111111111,0.0,1.0,1.0,12.0,0.0,1.1176470588235294,1.3176470588235294,0.9058823529411765,13.0
97,0.0,1.0,0.8936170212765957,1.0,1.8297872340425532,1.0,1.0,1.0,19.0,1.0,1.188235294117647,1.3176470588235294,1.0705882352941176,20.0
98,2.0,1.5,1.3647058823529412,1.5,1.4,2.0,1.5529411764705883,1.0,4.0,1.5,1.2127659574468086,1.4042553191489362,0.9787234042553191,11.0
99,0.0,0.0,0.8888888888888888,0.0,1.6666666666666667,0.0,0.8888888888888888,1.0,17.0,0.0,1.6235294117647059,1.2705882352941176,1.6235294117647059,7.0
100,0.0,1.5,0.9375,1.0,1.5416666666666667,1.5,1.125,1.0,15.0,1.5,1.430232558139535,1.3488372093023255,1.4069767441860466,6.0
101,1.0,2.5,2.313953488372093,0.5,0.6627906976744186,1.75,1.9651162790697674,1.0,3.0,0.25,1.2674418604651163,1.5465116279069768,1.1744186046511629,16.0
102,2.0,0.25,1.0348837209302326,2.0,1.4651162790697674,1.0,1.0813953488372092,1.0,14.0,2.5,2.2325581395348837,0.6744186046511628,1.8255813953488371,1.0
103,1.0,0.0,1.2,0.0,2.2,0.0,1.0,1.0,13.0,0.0,0.8958333333333334,1.7916666666666667,0.9791666666666666,19.0
104,0.0,0.5,1.6511627906976745,2.5,0.9883720930232558,1.75,1.441860465116279,1.0,11.0,2.0,1.6162790697674418,1.2674418604651163,1.6162790697674418,7.0
105,1.0,0.25,1.197674418604651,1.25,1.2325581395348837,0.0,1.0465116279069768,1.0,10.0,2.5,2.0930232558139537,0.7906976744186046,1.9534883720930232,5.0
106,1.0,1.5,1.186046511627907,0.75,1.302325581395349,1.25,1.058139534883721,1.0,20.0,1.5,1.1395348837209303,1.313953488372093,0.9302325581395349,12.0
107,0.0,0.0,1.25,0.0,1.375,0.0,0.9791666666666666,1.0,9.0,0.0,0.9,1.6,0.9,18.0
108,0.0,0.75,1.058139534883721,1.75,1.4883720930232558,0.75,1.0232558139534884,1.0,8.0,2.25,1.2674418604651163,1.2906976744186047,1.127906976744186,17.0
109,1.0,2.0,2.058139534883721,1.5,0.9651162790697675,2.25,2.0348837209302326,1.0,2.0,0.5,1.3488372093023255,1.3953488372093024,1.5348837209302326,4.0
110,0.0,1.0,2.0689655172413794,1.0,0.8160919540229885,1.0,1.9425287356321839,1.0,6.0,1.0,0.9387755102040817,1.510204081632653,1.1020408163265305,14.0
111,1.0,1.0,2.2413793103448274,1.75,0.6666666666666666,0.75,1.8505747126436782,1.0,1.0,1.75,2.32183908045977,0.6551724137931034,1.9655172413793103,3.0
112,2.0,0.25,1.264367816091954,2.25,1.2988505747126438,0.75,1.1379310344827587,1.0,16.0,2.5,1.6436781609195403,0.9885057471264368,1.4367816091954022,11.0
113,0.0,0.75,1.1264367816091954,1.0,1.3448275862068966,0.5,0.9195402298850575,1.0,13.0,1.5,1.2183908045977012,1.2298850574712643,1.0689655172413792,9.0
114,1.0,0.5,0.8775510204081632,1.5,1.7959183673469388,1.0,0.9591836734693877,1.0,19.0,2.0,1.2448979591836735,1.3877551020408163,1.0,10.0
115,2.0,0.0,0.9090909090909091,0.0,1.6363636363636365,0.0,1.0,1.0,17.0,0.0,2.0689655172413794,0.9540229885057471,2.045977011494253,2.0
116,1.0,2.0,1.6091954022988506,1.0,1.264367816091954,2.5,1.6091954022988506,1.0,7.0,0.5,1.0229885057471264,1.4942528735632183,1.0689655172413792,15.0
117,1.0,1.5,1.2528735632183907,1.0,1.5517241379310345,1.25,1.160919540229885,1.0,18.0,1.5,1.206896551724138,1.2873563218390804,1.0919540229885059,20.0
118,0.0,0.0,1.4252873563218391,0.0,1.3333333333333333,0.0,1.3908045977011494,1.0,4.0,0.0,1.3636363636363635,2.0,1.0909090909090908,12.0
119,1.0,1.0,1.3333333333333333,1.0,1.4137931034482758,1.0,1.5172413793103448,1.0,5.0,1.75,1.0574712643678161,1.4942528735632183,1.0344827586206897,8.0
120,1.0,0.5,1.22,2.0,1.4,1.5,1.0,1.0,11.0,2.0,1.1931818181818181,1.3068181818181819,1.0909090909090908,20.0
121,1.0,1.25,1.3522727272727273,0.5,1.3977272727272727,1.25,1.5227272727272727,1.0,4.0,1.25,1.125,1.3409090909090908,0.9204545454545454,13.0
122,2.0,0.5,1.0113636363636365,2.0,1.5340909090909092,1.0,1.0681818181818181,1.0,16.0,2.0,1.2727272727272727,1.5454545454545454,1.1818181818181819,14.0
123,1.0,2.5,2.2954545454545454,0.5,0.6590909090909091,1.25,1.9431818181818181,1.0,3.0,0.25,1.6590909090909092,0.9886363636363636,1.4431818181818181,9.0
124,1.0,0.5,0.94,1.5,1.52,0.5,1.12,1.0,15.0,2.0,1.2159090909090908,1.2272727272727273,1.0681818181818181,8.0
125,0.0,0.0,1.3333333333333333,0.0,2.0833333333333335,0.0,1.25,1.0,12.0,0.0,1.625,1.2613636363636365,1.6477272727272727,5.0
126,1.0,0.0,2.25,0.0,0.6590909090909091,0.0,1.8409090909090908,1.0,1.0,0.0,0.8333333333333334,1.8333333333333333,1.0,19.0
127,0.0,1.5,0.92,1.0,1.78,0.5,0.98,1.0,17.0,1.5,1.25,1.3068181818181819,1.1363636363636365,18.0
128,1.0,0.5,1.0454545454545454,1.25,1.5,0.75,1.0227272727272727,1.0,10.0,2.0,2.0795454545454546,0.9545454545454546,2.0681818181818183,2.0
129,0.0,2.0,2.0568181818181817,0.75,0.8295454545454546,1.25,1.9431818181818181,1.0,7.0,0.5,1.4204545454545454,1.3522727272727273,1.4090909090909092,6.0
130,2.0,1.5,2.056179775280899,1.75,0.9550561797752809,1.25,2.044943820224719,1.0,2.0,1.5,2.258426966292135,0.651685393258427,1.8651685393258426,1.0
131,2.0,0.25,1.6404494382022472,1.5,1.0112359550561798,0.5,1.4269662921348314,1.0,11.0,2.5,2.044943820224719,0.8426966292134831,1.9438202247191012,7.0
132,2.0,0.0,0.7692307692307693,0.0,2.0,0.0,0.9230769230769231,1.0,19.0,0.0,0.9803921568627451,1.4901960784313726,1.1176470588235294,14.0
133,0.0,1.75,1.6179775280898876,2.0,1.2584269662921348,2.25,1.6404494382022472,1.0,5.0,1.0,1.3707865168539326,1.3932584269662922,1.6067415730337078,4.0
134,0.0,1.5,1.2921348314606742,0.5,1.5280898876404494,1.5,1.1910112359550562,1.0,13.0,1.5,1.2549019607843137,1.3725490196078431,1.0,9.0
135,0.0,2.5,1.202247191011236,0.75,1.2247191011235956,1.75,1.0561797752808988,1.0,10.0,0.25,1.0,1.5393258426966292,1.0561797752808988,18.0
136,0.0,2.0,1.4157303370786516,1.5,1.3595505617977528,3.5,1.4157303370786516,1.0,6.0,0.5,0.9215686274509803,1.803921568627451,1.0196078431372548,16.0
137,2.0,0.25,1.1797752808988764,1.5,1.303370786516854,0.25,1.0786516853932584,1.0,20.0,2.5,2.303370786516854,0.651685393258427,1.9550561797752808,3.0
138,1.0,0.0,1.247191011235955,0.0,1.3258426966292134,0.0,1.1573033707865168,1.0,17.0,0.0,1.3076923076923077,2.0,1.2307692307692308,12.0
139,1.0,1.75,1.1123595505617978,1.0,1.4269662921348314,1.5,0.9213483146067416,1.0,15.0,1.0,1.0674157303370786,1.4831460674157304,1.0224719101123596,8.0
140,0.0,2.0,1.6222222222222222,0.25,1.0222222222222221,1.0,1.4111111111111112,1.0,12.0,0.5,1.3666666666666667,1.3888888888888888,1.6,4.0
141,1.0,0.5,1.2,1.25,1.2222222222222223,0.5,1.0555555555555556,1.0,10.0,2.0,1.0555555555555556,1.4777777777777779,1.011111111111111,8.0
142,1.0,0.0,1.4111111111111112,3.0,1.3555555555555556,0.25,1.4111111111111112,1.0,7.0,3.0,2.2666666666666666,0.6444444444444445,1.8777777777777778,1.0
143,1.0,1.5,2.033333333333333,1.5,0.9777777777777777,2.5,2.022222222222222,1.0,3.0,1.5,1.25,1.3461538461538463,0.9807692307692307,9.0
144,1.0,3.0,1.6111111111111112,0.0,1.2555555555555555,1.0,1.6333333333333333,1.0,6.0,0.0,0.9230769230769231,1.7884615384615385,1.0192307692307692,17.0
145,0.0,0.25,1.288888888888889,2.5,1.511111111111111,0.5,1.1777777777777778,1.0,14.0,2.5,2.0555555555555554,0.8333333333333334,1.9444444444444444,5.0
146,2.0,0.75,1.2666666666666666,2.0,1.3444444444444446,0.75,1.2,1.0,16.0,2.25,2.311111111111111,0.6555555555555556,1.9777777777777779,2.0
147,2.0,1.5,1.1333333333333333,1.5,1.4111111111111112,2.0,0.9222222222222223,1.0,15.0,1.5,1.0192307692307692,1.4615384615384615,1.1153846153846154,11.0
148,1.0,0.0,0.7142857142857143,0.0,1.9285714285714286,0.0,0.8571428571428571,1.0,19.0,0.0,1.0,1.5333333333333334,1.0555555555555556,18.0
149,1.0,0.0,1.1666666666666667,0.0,1.3333333333333333,0.0,1.0777777777777777,1.0,20.0,0.0,1.2142857142857142,2.2142857142857144,1.3571428571428572,13.0
150,2.0,1.0,2.043956043956044,1.75,0.8241758241758241,1.75,1.9230769230769231,1.0,7.0,1.0,2.043956043956044,0.967032967032967,2.021978021978022,3.0
151,2.0,2.5,2.318681318681319,0.75,0.6483516483516484,2.75,2.0,1.0,2.0,0.25,1.6263736263736264,1.2417582417582418,1.6483516483516483,5.0
152,1.0,0.5,1.0566037735849056,1.0,1.471698113207547,0.5,1.150943396226415,1.0,9.0,2.0,1.2527472527472527,1.3736263736263736,1.1868131868131868,16.0
153,0.0,1.0,0.989010989010989,1.25,1.5384615384615385,1.0,1.054945054945055,1.0,19.0,1.75,1.4285714285714286,1.3516483516483517,1.4175824175824177,6.0
154,0.0,0.0,1.1333333333333333,0.0,2.2,0.0,1.2666666666666666,1.0,14.0,0.0,1.2197802197802199,1.2087912087912087,1.054945054945055,8.0
155,0.0,1.5,2.241758241758242,0.25,0.6593406593406593,0.5,1.8681318681318682,1.0,1.0,0.75,1.6153846153846154,1.032967032967033,1.4175824175824177,12.0
156,0.0,0.5,0.9056603773584906,1.5,1.8113207547169812,1.0,1.0,1.0,18.0,2.0,1.2857142857142858,1.4945054945054945,1.164835164835165,13.0
157,0.0,0.75,1.043956043956044,1.5,1.4725274725274726,1.0,1.0,1.0,10.0,2.25,1.1868131868131868,1.3186813186813187,1.0879120879120878,20.0
158,2.0,0.0,1.3626373626373627,0.0,1.3956043956043955,0.0,1.6043956043956045,1.0,4.0,0.0,0.8666666666666667,1.8666666666666667,0.9333333333333333,17.0
159,0.0,2.0,1.2264150943396226,0.0,1.3584905660377358,1.0,0.9622641509433962,1.0,11.0,0.5,1.120879120879121,1.4285714285714286,0.9340659340659341,15.0
160,1.0,0.5,1.2222222222222223,0.5,1.3703703703703705,0.0,0.9814814814814815,1.0,11.0,2.0,1.2173913043478262,1.2065217391304348,1.0543478260869565,9.0
161,1.0,2.0,2.0217391304347827,1.0,0.8369565217391305,1.5,1.9130434782608696,1.0,7.0,0.5,1.1195652173913044,1.434782608695652,0.9456521739130435,15.0
162,1.0,2.25,1.3478260869565217,1.25,1.391304347826087,1.75,1.5869565217391304,1.0,5.0,0.75,1.423913043478261,1.3695652173913044,1.434782608695652,6.0
163,0.0,0.0,1.125,0.0,2.125,0.0,1.25,1.0,14.0,0.0,2.0543478260869565,0.967391304347826,2.0217391304347827,2.0
164,1.0,2.5,2.2282608695652173,0.25,0.6847826086956522,1.75,1.8804347826086956,1.0,1.0,0.25,1.184782608695652,1.315217391304348,1.0869565217391304,20.0
165,1.0,1.5,1.0925925925925926,1.5,1.4444444444444444,2.5,1.1481481481481481,1.0,8.0,1.5,1.2826086956521738,1.4782608695652173,1.1521739130434783,13.0
166,1.0,2.5,0.9891304347826086,0.75,1.5543478260869565,1.75,1.076086956521739,1.0,19.0,0.25,1.2391304347826086,1.3695652173913044,1.173913043478261,17.0
167,1.0,0.0,2.2934782608695654,0.0,0.6521739130434783,0.0,1.9782608695652173,1.0,3.0,0.0,1.0,1.75,0.9375,16.0
168,2.0,1.0,1.0434782608695652,1.25,1.4673913043478262,1.0,1.0,1.0,10.0,1.75,1.641304347826087,1.2282608695652173,1.641304347826087,4.0
169,1.0,0.5,0.9074074074074074,2.0,1.7777777777777777,1.0,0.9814814814814815,1.0,18.0,2.0,1.608695652173913,1.0543478260869565,1.434782608695652,12.0
170,0.0,1.75,1.10752688172043,1.0,1.4408602150537635,0.75,0.946236559139785,1.0,15.0,1.0,1.010752688172043,1.5483870967741935,1.096774193548387,17.0
171,0.0,0.25,1.2258064516129032,1.75,1.3870967741935485,0.25,1.1720430107526882,1.0,19.0,2.5,2.236559139784946,0.6881720430107527,1.881720430107527,1.0
172,0.0,2.0,1.5913978494623655,1.0,1.075268817204301,2.0,1.4408602150537635,1.0,12.0,0.5,1.1272727272727272,1.4363636363636363,1.1636363636363636,7.0
173,1.0,0.0,0.9411764705882353,0.0,1.8235294117647058,0.0,0.8823529411764706,1.0,18.0,0.0,1.1176470588235294,2.0588235294117645,1.2352941176470589,14.0
174,1.0,1.5,2.043010752688172,1.5,0.967741935483871,2.0,2.010752688172043,1.0,3.0,1.5,0.9454545454545454,1.7818181818181817,1.018181818181818,16.0
175,1.0,0.5,1.6559139784946237,2.5,1.2150537634408602,2.0,1.6451612903225807,1.0,4.0,2.0,1.2545454545454546,1.3818181818181818,1.018181818181818,9.0
176,2.0,1.75,1.2688172043010753,1.0,1.4838709677419355,1.25,1.1505376344086022,1.0,13.0,1.0,1.3655913978494623,1.3763440860215055,1.6021505376344085,5.0
177,1.0,0.75,1.2043010752688172,2.0,1.2258064516129032,0.5,1.064516129032258,1.0,10.0,2.25,2.3010752688172045,0.6451612903225806,1.989247311827957,2.0
178,1.0,3.0,1.4086021505376345,0.25,1.3870967741935485,1.75,1.4193548387096775,1.0,8.0,0.0,1.032258064516129,1.4731182795698925,0.989247311827957,11.0
179,1.0,0.25,1.1720430107526882,2.0,1.3225806451612903,0.75,1.086021505376344,1.0,20.0,2.5,2.032258064516129,0.8387096774193549,1.913978494623656,6.0
180,2.0,0.0,0.9285714285714286,2.5,1.8035714285714286,1.5,1.0,1.0,18.0,3.0,2.276595744680851,0.6702127659574468,1.9680851063829787,3.0
181,1.0,1.25,2.0531914893617023,1.5,0.9574468085106383,1.25,2.021276595744681,1.0,2.0,1.25,1.6702127659574468,1.202127659574468,1.6382978723404256,4.0
182,1.0,0.0,2.0106382978723403,0.0,0.851063829787234,0.0,1.8936170212765957,1.0,8.0,0.0,1.0555555555555556,1.7222222222222223,0.9444444444444444,13.0
183,1.0,1.5,1.425531914893617,0.5,1.4042553191489362,1.5,1.446808510638298,1.0,6.0,1.5,1.2321428571428572,1.375,1.0,10.0
184,0.0,0.0,1.0212765957446808,3.25,1.5,0.25,1.0106382978723405,1.0,11.0,3.0,1.5851063829787233,1.074468085106383,1.4361702127659575,12.0
185,0.0,1.5,1.1063829787234043,2.0,1.425531914893617,2.25,0.9361702127659575,1.0,16.0,1.5,1.2553191489361701,1.4893617021276595,1.1382978723404256,14.0
186,0.0,0.0,1.0555555555555556,0.0,2.0555555555555554,0.0,1.1666666666666667,1.0,15.0,0.0,1.0106382978723405,1.5319148936170213,1.0851063829787233,17.0
187,0.0,1.25,1.2234042553191489,2.25,1.2127659574468086,1.5,1.0851063829787233,1.0,9.0,1.25,1.3829787234042554,1.3617021276595744,1.6063829787234043,5.0
188,1.0,1.25,1.2234042553191489,0.5,1.3829787234042554,1.0,1.1702127659574468,1.0,19.0,1.25,1.1914893617021276,1.3085106382978724,1.0957446808510638,20.0
189,0.0,0.0,1.125,2.0,1.4285714285714286,1.0,1.1607142857142858,1.0,7.0,3.0,2.223404255319149,0.6914893617021277,1.872340425531915,1.0
190,1.0,3.0,2.2842105263157895,0.2,0.6736842105263158,2.8,1.9789473684210526,1.0,3.0,0.0,1.105263157894737,1.4210526315789473,0.9368421052631579,15.0
191,2.0,0.2,1.1789473684210525,2.2,1.3157894736842106,0.4,1.0842105263157895,1.0,20.0,2.6,2.0631578947368423,0.9473684210526315,2.031578947368421,2.0
192,0.0,1.3333333333333333,1.0105263157894737,0.6666666666666666,1.5263157894736843,0.6666666666666666,1.0842105263157895,1.0,18.0,1.3333333333333333,0.9122807017543859,1.8245614035087718,1.0,19.0
193,2.0,1.0,1.6526315789473685,2.0,1.2210526315789474,1.2,1.6210526315789473,1.0,4.0,1.6,2.0210526315789474,0.8421052631578947,1.894736842105263,7.0
194,2.0,0.0,1.0,1.0,1.736842105263158,0.0,0.8947368421052632,1.0,16.0,3.0,1.4421052631578948,1.3894736842105264,1.4526315789473685,6.0
195,0.0,1.4,1.2526315789473683,1.0,1.4842105263157894,1.0,1.1368421052631579,1.0,13.0,1.4,1.0210526315789474,1.4947368421052631,1.0105263157894737,11.0
196,1.0,2.2,2.210526315789474,0.8,0.6842105263157895,1.8,1.8526315789473684,1.0,1.0,0.4,1.2210526315789474,1.2,1.0736842105263158,9.0
197,1.0,0.0,1.5789473684210527,1.0,1.0736842105263158,0.0,1.431578947368421,1.0,12.0,3.0,1.0526315789473684,2.0,1.1578947368421053,14.0
198,2.0,1.0,1.2105263157894737,0.0,1.3859649122807018,0.0,0.9824561403508771,1.0,10.0,1.0,1.1228070175438596,1.4035087719298245,1.1403508771929824,8.0
199,1.0,2.6,1.3789473684210527,0.4,1.3473684210526315,2.0,1.5894736842105264,1.0,5.0,0.2,1.2421052631578948,1.368421052631579,1.1789473684210525,17.0
200,2.0,3.0,1.2291666666666667,0.0,1.375,2.0,1.1666666666666667,1.0,18.0,0.0,0.95,1.8,0.85,17.0
201,2.0,1.4,1.09375,1.2,1.4583333333333333,1.0,0.9270833333333334,1.0,15.0,1.4,1.6354166666666667,1.21875,1.6041666666666667,5.0
202,0.0,0.0,1.0,2.0,2.0,0.0,1.1,1.0,14.0,3.0,1.1896551724137931,1.3793103448275863,0.9655172413793104,11.0
203,1.0,1.4,1.0208333333333333,1.4,1.5,1.0,1.0208333333333333,1.0,12.0,1.4,1.0104166666666667,1.53125,1.09375,16.0
204,1.0,2.0,1.2083333333333333,0.8,1.2083333333333333,1.2,1.0729166666666667,1.0,9.0,0.8,1.1666666666666667,1.34375,1.0833333333333333,20.0
205,0.0,0.3333333333333333,0.9137931034482759,1.6666666666666667,1.8275862068965518,0.3333333333333333,1.0172413793103448,1.0,19.0,2.3333333333333335,2.21875,0.6875,1.8541666666666667,1.0
206,1.0,1.4,2.03125,1.4,0.8333333333333334,1.8,1.8854166666666667,1.0,7.0,1.4,1.3958333333333333,1.3333333333333333,1.59375,4.0
207,1.0,1.6,1.4583333333333333,1.2,1.375,1.8,1.46875,1.0,6.0,1.0,1.25,1.4895833333333333,1.1458333333333333,13.0
208,0.0,0.0,1.1551724137931034,1.0,1.3793103448275863,0.0,1.1379310344827587,1.0,8.0,3.0,2.2916666666666665,0.6666666666666666,2.0104166666666665,3.0
209,0.0,2.6,2.0729166666666665,0.8,0.9479166666666666,3.0,2.0520833333333335,1.0,2.0,0.2,1.59375,1.0625,1.4375,10.0
210,2.0,2.0,1.1546391752577319,1.0,1.3402061855670102,2.0,1.0721649484536082,1.0,20.0,1.0,1.152542372881356,1.3728813559322033,1.1355932203389831,8.0
211,2.0,0.0,1.0,2.6,1.556701030927835,1.0,1.0824742268041236,1.0,17.0,3.0,2.0618556701030926,0.9587628865979382,2.051546391752577,2.0
212,1.0,1.6,1.2371134020618557,1.4,1.5154639175257731,1.2,1.1443298969072164,1.0,15.0,1.0,1.2268041237113403,1.1958762886597938,1.0721649484536082,9.0
213,0.0,1.6,1.6494845360824741,1.0,1.2164948453608246,1.2,1.6082474226804124,1.0,5.0,1.0,1.2164948453608246,1.3917525773195876,1.1649484536082475,19.0
214,1.0,2.4,1.5876288659793814,0.4,1.0721649484536082,1.4,1.443298969072165,1.0,11.0,0.6,1.4742268041237114,1.3711340206185567,1.4948453608247423,4.0
215,1.0,3.0,2.2061855670103094,0.6,0.6907216494845361,2.8,1.8453608247422681,1.0,1.0,0.0,1.041237113402062,1.4845360824742269,1.0515463917525774,10.0
216,1.0,0.0,2.2783505154639174,1.0,0.6701030927835051,0.0,2.0,1.0,3.0,3.0,1.0,1.9523809523809523,1.0952380952380953,14.0
217,0.0,2.0,1.3814432989690721,1.0,1.3402061855670102,2.3333333333333335,1.577319587628866,1.0,6.0,1.0,0.9152542372881356,1.8135593220338984,1.0169491525423728,18.0
218,2.0,3.0,1.0476190476190477,0.0,1.7619047619047619,1.0,0.9523809523809523,1.0,13.0,0.0,1.0824742268041236,1.4639175257731958,0.9278350515463918,16.0
219,0.0,0.6666666666666666,1.1864406779661016,1.3333333333333333,1.3728813559322033,0.0,0.9661016949152542,1.0,12.0,1.6666666666666667,2.0412371134020617,0.8247422680412371,1.8865979381443299,7.0
220,0.0,1.0,1.1833333333333333,1.6666666666666667,1.3666666666666667,0.3333333333333333,0.9666666666666667,1.0,12.0,2.0,1.4591836734693877,1.3775510204081634,1.4795918367346939,6.0
221,1.0,1.4,1.2551020408163265,2.0,1.5,1.8,1.153061224489796,1.0,13.0,1.4,1.1020408163265305,1.4489795918367347,0.9387755102040817,14.0
222,1.0,2.6,1.6020408163265305,0.4,1.0612244897959184,2.8,1.4489795918367347,1.0,10.0,0.2,1.030612244897959,1.5408163265306123,1.0612244897959184,11.0
223,0.0,1.0,1.6428571428571428,1.6,1.2040816326530612,1.2,1.5918367346938775,1.0,4.0,1.6,2.0714285714285716,0.9489795918367347,2.0510204081632653,2.0
224,1.0,2.3333333333333335,2.2142857142857144,0.6666666666666666,0.7040816326530612,1.3333333333333333,1.8979591836734695,1.0,1.0,0.3333333333333333,1.1833333333333333,1.3666666666666667,1.15,8.0
225,1.0,1.0,0.9897959183673469,1.0,1.5612244897959184,1.0,1.0714285714285714,1.0,19.0,1.0,0.9545454545454546,2.0,1.0454545454545454,16.0
226,1.0,1.2,1.3775510204081634,1.2,1.3265306122448979,1.8,1.5612244897959184,1.0,5.0,1.2,1.2142857142857142,1.2040816326530612,1.0612244897959184,9.0
227,0.0,1.0,1.1428571428571428,1.2,1.346938775510204,0.4,1.0714285714285714,1.0,20.0,1.6,1.2142857142857142,1.3775510204081634,1.153061224489796,18.0
228,0.0,0.0,1.0,2.0,1.7727272727272727,0.0,0.9090909090909091,1.0,15.0,3.0,2.0306122448979593,0.826530612244898,1.8775510204081634,7.0
229,1.0,3.0,2.2857142857142856,1.3333333333333333,0.6632653061224489,2.6666666666666665,2.010204081632653,1.0,3.0,0.0,0.9166666666666666,1.7833333333333334,1.0,17.0
230,0.0,1.0,1.02020202020202,0.6666666666666666,1.5454545454545454,0.6666666666666666,1.0505050505050506,1.0,13.0,2.0,1.180327868852459,1.360655737704918,0.9672131147540983,11.0
231,2.0,1.0,2.0606060606060606,1.4,0.9393939393939394,1.2,2.0303030303030303,1.0,3.0,1.6,2.292929292929293,0.6565656565656566,2.0303030303030303,2.0
232,1.0,2.0,1.4545454545454546,0.6,1.3737373737373737,2.0,1.4747474747474747,1.0,6.0,0.8,1.1414141414141414,1.3434343434343434,1.0707070707070707,20.0
233,2.0,0.0,0.9130434782608695,3.0,1.9565217391304348,0.0,1.0,1.0,17.0,3.0,2.2222222222222223,0.696969696969697,1.9090909090909092,1.0
234,0.0,2.0,1.1639344262295082,1.6666666666666667,1.3934426229508197,2.6666666666666665,1.1311475409836065,1.0,8.0,1.0,1.393939393939394,1.3131313131313131,1.5656565656565657,4.0
235,2.0,1.4,1.202020202020202,1.2,1.2121212121212122,1.2,1.0505050505050506,1.0,10.0,1.4,1.6363636363636365,1.1919191919191918,1.5757575757575757,5.0
236,0.0,1.0,0.9016393442622951,1.0,1.819672131147541,1.0,0.9836065573770492,1.0,19.0,1.0,1.0,1.6956521739130435,0.8695652173913043,14.0
237,1.0,3.0,2.0202020202020203,0.6,0.8181818181818182,3.0,1.8585858585858586,1.0,7.0,0.0,1.0101010101010102,1.5454545454545454,1.0707070707070707,16.0
238,0.0,2.2,1.2121212121212122,0.6,1.3737373737373737,1.6,1.1515151515151516,1.0,18.0,0.4,1.2727272727272727,1.494949494949495,1.1616161616161615,12.0
239,2.0,0.6,1.0909090909090908,2.0,1.4545454545454546,0.8,0.9393939393939394,1.0,15.0,2.4,1.6161616161616161,1.0505050505050506,1.4545454545454546,9.0
240,1.0,1.8,2.23,1.0,0.7,2.0,1.91,1.0,1.0,1.2,2.04,0.96,2.02,3.0
241,1.0,3.0,1.1612903225806452,0.0,1.3870967741935485,1.0,1.1290322580645162,1.0,8.0,0.0,1.0,1.7083333333333333,0.9166666666666666,14.0
242,0.0,1.0,1.39,2.0,1.31,1.8,1.56,1.0,5.0,1.6,1.65,1.18,1.58,4.0
243,0.0,0.4,1.0,1.6,1.55,0.8,1.06,1.0,16.0,2.2,1.19,1.22,1.04,10.0
244,1.0,0.0,0.875,5.0,1.9583333333333333,3.0,1.0,1.0,18.0,3.0,1.21,1.36,1.14,17.0
245,1.0,0.6666666666666666,0.9032258064516129,2.6666666666666665,1.8225806451612903,1.3333333333333333,1.0,1.0,19.0,1.6666666666666667,1.47,1.36,1.48,6.0
246,1.0,2.6,2.3,0.4,0.66,2.0,2.04,1.0,2.0,0.2,1.13,1.35,1.06,20.0
247,1.0,1.3333333333333333,1.1774193548387097,1.0,1.3387096774193548,0.3333333333333333,0.9516129032258065,1.0,11.0,1.3333333333333333,1.27,1.48,1.15,12.0
248,0.0,0.8,1.02,1.4,1.53,0.8,1.04,1.0,13.0,2.0,1.08,1.45,0.93,15.0
249,1.0,2.6,2.03,0.4,0.81,1.6,1.86,1.0,7.0,0.2,1.63,1.04,1.45,9.0
250,1.0,1.6666666666666667,1.2574257425742574,0.6666666666666666,1.495049504950495,1.0,1.1386138613861385,1.0,13.0,0.6666666666666666,0.9365079365079365,1.8095238095238095,1.0158730158730158,17.0
251,1.0,0.8,1.613861386138614,1.0,1.0396039603960396,0.8,1.4356435643564356,1.0,9.0,1.4,2.237623762376238,0.693069306930693,1.9108910891089108,1.0
252,1.0,1.4,2.01980198019802,1.6,0.9702970297029703,1.8,2.0,1.0,3.0,0.8,2.0396039603960396,0.801980198019802,1.8514851485148516,4.0
253,0.0,0.8,1.6435643564356435,2.2,1.1683168316831682,0.8,1.5643564356435644,1.0,5.0,2.0,2.3069306930693068,0.6534653465346535,2.0693069306930694,2.0
254,1.0,1.3333333333333333,1.198019801980198,0.6666666666666666,1.3663366336633664,0.6666666666666666,1.1386138613861385,1.0,19.0,1.3333333333333333,1.1904761904761905,1.380952380952381,1.1428571428571428,8.0
255,1.0,3.0,0.96,0.0,1.72,1.0,0.92,1.0,14.0,0.0,1.386138613861386,1.297029702970297,1.5445544554455446,6.0
256,1.0,1.0,1.188118811881188,1.0,1.2079207920792079,1.0,1.0297029702970297,1.0,10.0,1.0,0.96,1.92,1.04,15.0
257,1.0,1.6,1.4554455445544554,1.4,1.3663366336633664,1.6,1.4752475247524752,1.0,7.0,1.0,1.0,1.5346534653465347,1.0495049504950495,18.0
258,0.0,2.0,1.118811881188119,1.0,1.386138613861386,1.4,1.0495049504950495,1.0,20.0,0.8,1.0198019801980198,1.5247524752475248,1.0396039603960396,12.0
259,0.0,0.6666666666666666,1.0792079207920793,1.3333333333333333,1.4455445544554455,0.6666666666666666,0.9306930693069307,1.0,16.0,1.6666666666666667,1.2063492063492063,1.3174603174603174,0.9841269841269841,11.0
260,2.0,1.0,1.0784313725490196,2.8,1.4411764705882353,0.6,0.9313725490196079,1.0,15.0,1.6,1.3725490196078431,1.2941176470588236,1.5294117647058822,7.0
261,1.0,1.3333333333333333,1.2058823529411764,0.6666666666666666,1.196078431372549,1.0,1.0490196078431373,1.0,10.0,1.3333333333333333,1.171875,1.390625,1.125,8.0
262,0.0,0.6,1.4705882352941178,1.4,1.3529411764705883,1.0,1.4803921568627452,1.0,5.0,1.8,2.019607843137255,0.803921568627451,1.8333333333333333,6.0
263,1.0,1.0,1.6372549019607843,1.0,1.1666666666666667,1.0,1.5588235294117647,1.0,4.0,1.0,0.9230769230769231,1.9615384615384615,1.0,17.0
264,1.0,2.2,1.2745098039215685,0.8,1.4803921568627452,2.0,1.1372549019607843,1.0,12.0,0.4,0.9901960784313726,1.5392156862745099,1.0392156862745099,19.0
265,2.0,1.3333333333333333,1.1176470588235294,1.3333333333333333,1.3823529411764706,1.3333333333333333,1.0490196078431373,1.0,20.0,1.3333333333333333,1.203125,1.3125,0.984375,11.0
266,1.0,1.6,2.0294117647058822,0.8,0.9607843137254902,1.0,1.9901960784313726,1.0,3.0,1.0,1.0196078431372548,1.5196078431372548,1.0392156862745099,13.0
267,1.0,1.3333333333333333,1.2156862745098038,1.3333333333333333,1.3529411764705883,1.6666666666666667,1.1470588235294117,1.0,16.0,1.3333333333333333,0.921875,1.796875,1.0,18.0
268,2.0,0.0,1.0384615384615385,4.0,1.6538461538461537,0.0,0.9230769230769231,1.0,14.0,3.0,2.215686274509804,0.7058823529411765,1.9019607843137254,1.0
269,1.0,0.2,1.6274509803921569,1.6,1.0392156862745099,0.4,1.4411764705882353,1.0,9.0,2.6,2.2941176470588234,0.6568627450980392,2.0588235294117645,2.0
270,2.0,0.0,0.9076923076923077,1.6666666666666667,1.8153846153846154,0.0,0.9846153846153847,1.0,18.0,3.0,1.6504854368932038,1.174757281553398,1.5922330097087378,4.0
271,1.0,2.2,2.0097087378640777,0.4,0.7961165048543689,2.0,1.8155339805825244,1.0,7.0,0.4,1.2912621359223302,1.4660194174757282,1.1553398058252426,12.0
272,0.0,1.6,1.0097087378640777,0.6,1.5242718446601942,1.0,1.029126213592233,1.0,13.0,1.0,1.2233009708737863,1.1941747572815533,1.058252427184466,10.0
273,1.0,0.6,1.3883495145631068,1.2,1.2815533980582525,0.6,1.5436893203883495,1.0,5.0,1.8,1.6407766990291262,1.0388349514563107,1.4563106796116505,8.0
274,2.0,1.0,1.2307692307692308,2.3333333333333335,1.3076923076923077,1.0,1.0,1.0,11.0,2.0,2.0388349514563107,0.9514563106796117,1.9902912621359223,3.0
275,1.0,2.0,1.1538461538461537,2.0,1.4,2.0,1.123076923076923,1.0,9.0,1.0,1.0679611650485437,1.4563106796116505,0.9223300970873787,16.0
276,1.0,0.0,0.9805825242718447,2.0,1.5533980582524272,1.0,1.029126213592233,1.0,19.0,3.0,1.0,1.6666666666666667,0.8888888888888888,15.0
277,2.0,0.0,0.8888888888888888,2.0,2.074074074074074,0.0,1.037037037037037,1.0,17.0,3.0,1.1067961165048543,1.3883495145631068,1.0485436893203883,20.0
278,2.0,2.4,2.2233009708737863,0.6,0.6990291262135923,2.6,1.9029126213592233,1.0,1.0,0.6,1.4660194174757282,1.3398058252427185,1.4660194174757282,6.0
279,1.0,2.4,2.2718446601941746,0.6,0.6796116504854369,2.4,2.0485436893203883,1.0,2.0,0.6,1.233009708737864,1.3398058252427185,1.1650485436893203,14.0
280,2.0,1.3333333333333333,1.2211538461538463,1.0,1.1826923076923077,1.0,1.0480769230769231,1.0,10.0,1.3333333333333333,1.2121212121212122,1.3333333333333333,1.0,11.0
281,2.0,0.6,1.4807692307692308,2.0,1.3461538461538463,1.0,1.4903846153846154,1.0,6.0,2.4,1.4038461538461537,1.2788461538461537,1.5480769230769231,5.0
282,1.0,1.0,1.2788461538461537,2.3333333333333335,1.4711538461538463,1.3333333333333333,1.1538461538461537,1.0,12.0,2.0,1.1818181818181819,1.378787878787879,1.121212121212121,8.0
283,0.0,2.0,1.6634615384615385,0.8,1.1634615384615385,1.4,1.5961538461538463,1.0,4.0,0.8,1.0096153846153846,1.5096153846153846,1.0192307692307692,13.0
284,2.0,0.2,1.125,1.8,1.3846153846153846,0.4,1.0576923076923077,1.0,20.0,2.6,2.201923076923077,0.7307692307692307,1.9038461538461537,1.0
285,1.0,0.4,1.0576923076923077,1.6,1.4519230769230769,1.0,0.9134615384615384,1.0,17.0,2.2,2.019230769230769,0.7980769230769231,1.8173076923076923,7.0
286,1.0,1.3333333333333333,1.625,1.6666666666666667,1.0480769230769231,2.0,1.4519230769230769,1.0,9.0,1.3333333333333333,0.8939393939393939,1.8181818181818181,0.9696969696969697,19.0
287,2.0,0.0,0.9642857142857143,3.0,1.6428571428571428,0.0,0.8571428571428571,1.0,15.0,3.0,2.2788461538461537,0.6730769230769231,2.0576923076923075,2.0
288,1.0,1.0,2.048076923076923,1.0,0.9519230769230769,1.0,2.0,1.0,3.0,1.0,0.8571428571428571,2.0714285714285716,1.0357142857142858,18.0
289,2.0,0.2,1.2211538461538463,2.0,1.3557692307692308,0.8,1.1538461538461537,1.0,14.0,2.6,1.0,1.5384615384615385,1.0288461538461537,16.0
290,1.0,2.0,2.0,1.0,0.8,1.6,1.8,1.0,7.0,0.8,1.1142857142857143,1.4190476190476191,1.0476190476190477,20.0
291,0.0,0.0,1.0095238095238095,2.2,1.5047619047619047,0.8,1.019047619047619,1.0,13.0,3.0,1.4666666666666666,1.3428571428571427,1.4761904761904763,6.0
292,1.0,1.8,2.2857142857142856,1.0,0.6666666666666666,1.6,2.0476190476190474,1.0,2.0,1.2,1.2095238095238094,1.180952380952381,1.0380952380952382,10.0
293,2.0,1.0,0.8805970149253731,2.3333333333333335,1.8656716417910448,1.0,0.9701492537313433,1.0,19.0,2.0,2.057142857142857,0.9523809523809523,2.0095238095238095,3.0
294,0.0,0.6666666666666666,1.164179104477612,1.6666666666666667,1.3880597014925373,1.0,1.1194029850746268,1.0,9.0,1.6666666666666667,1.638095238095238,1.0476190476190477,1.4857142857142858,8.0
295,1.0,1.0,1.019047619047619,0.6,1.5333333333333334,0.8,1.0380952380952382,1.0,14.0,1.6,1.0761904761904761,1.438095238095238,0.9142857142857143,15.0
296,2.0,0.0,0.8275862068965517,2.0,2.103448275862069,0.0,1.0344827586206897,1.0,18.0,3.0,0.9310344827586207,1.6206896551724137,0.8275862068965517,17.0
297,1.0,2.2,2.2095238095238097,0.4,0.7238095238095238,1.6,1.9333333333333333,1.0,1.0,0.4,1.2095238095238094,1.361904761904762,1.1523809523809523,16.0
298,0.0,1.3333333333333333,1.2388059701492538,1.6666666666666667,1.3134328358208955,1.6666666666666667,1.0,1.0,11.0,1.3333333333333333,1.6571428571428573,1.161904761904762,1.5904761904761904,5.0
299,1.0,1.4,1.4190476190476191,1.0,1.2666666666666666,1.2,1.542857142857143,1.0,4.0,1.4,1.2952380952380953,1.4666666666666666,1.161904761904762,12.0
300,0.0,0.2,1.2830188679245282,2.0,1.4811320754716981,0.0,1.1603773584905661,1.0,12.0,2.6,2.2169811320754715,0.7264150943396226,1.9528301886792452,1.0
301,2.0,1.8,1.1981132075471699,1.8,1.1981132075471699,2.4,1.028301886792453,1.0,11.0,0.6,1.4622641509433962,1.3396226415094339,1.471698113207547,7.0
302,1.0,1.2,2.292452830188679,1.6,0.660377358490566,1.2,2.056603773584906,1.0,2.0,1.8,2.009433962264151,0.8018867924528302,1.820754716981132,6.0
303,1.0,2.2,2.0660377358490565,0.4,0.9528301886792453,1.4,2.009433962264151,1.0,3.0,0.4,1.1981132075471699,1.3867924528301887,1.150943396226415,17.0
304,1.0,2.4,1.6320754716981132,0.8,1.0566037735849056,2.0,1.490566037735849,1.0,8.0,0.6,1.0377358490566038,1.5188679245283019,1.0660377358490567,14.0
305,1.0,1.0,1.1037735849056605,0.6666666666666666,1.4433962264150944,0.6666666666666666,1.0471698113207548,1.0,20.0,1.0,0.8676470588235294,1.8676470588235294,0.9705882352941176,19.0
306,2.0,2.0,1.2352941176470589,1.3333333333333333,1.2941176470588236,1.3333333333333333,0.9852941176470589,1.0,10.0,1.0,1.4339622641509433,1.2641509433962264,1.5566037735849056,4.0
307,1.0,1.3333333333333333,1.009433962264151,1.3333333333333333,1.5,1.6666666666666667,1.0188679245283019,1.0,13.0,1.3333333333333333,1.161764705882353,1.3970588235294117,1.1323529411764706,9.0
308,1.0,3.0,1.0660377358490567,1.0,1.4622641509433962,3.0,0.9056603773584906,1.0,16.0,0.0,0.8,2.1,1.0333333333333334,18.0
309,0.0,1.0,1.650943396226415,1.0,1.150943396226415,1.0,1.5754716981132075,1.0,5.0,1.0,1.0,1.6,0.8666666666666667,15.0
310,1.0,1.2,1.4766355140186915,0.8,1.3364485981308412,0.8,1.4766355140186915,1.0,6.0,1.2,1.0841121495327102,1.4485981308411215,0.9065420560747663,16.0
311,1.0,2.4,1.9906542056074767,0.2,0.8130841121495327,1.6,1.8130841121495327,1.0,7.0,0.6,1.02803738317757,1.4953271028037383,1.0373831775700935,13.0
312,2.0,0.0,0.7741935483870968,3.0,2.064516129032258,2.0,1.0,1.0,18.0,3.0,1.280373831775701,1.4766355140186915,1.158878504672897,12.0
313,2.0,0.6,1.02803738317757,1.4,1.5233644859813085,0.4,1.0560747663551402,1.0,14.0,2.4,2.2990654205607477,0.6635514018691588,2.05607476635514,1.0
314,0.0,0.6666666666666666,1.144927536231884,2.0,1.4202898550724639,1.3333333333333333,1.1304347826086956,1.0,9.0,1.6666666666666667,2.074766355140187,0.9439252336448598,2.0093457943925235,3.0
315,1.0,1.4,2.205607476635514,1.6,0.7289719626168224,1.6,1.9439252336448598,1.0,2.0,1.4,1.644859813084112,1.158878504672897,1.5794392523364487,5.0
316,1.0,2.0,0.855072463768116,1.0,1.8840579710144927,1.0,0.9855072463768116,1.0,19.0,1.0,1.1869158878504673,1.205607476635514,1.02803738317757,11.0
317,1.0,2.0,1.4485981308411215,0.8,1.2616822429906542,1.2,1.560747663551402,1.0,4.0,0.8,1.1214953271028036,1.4485981308411215,1.0654205607476634,20.0
318,2.0,2.0,1.1869158878504673,1.0,1.3925233644859814,1.3333333333333333,1.1401869158878504,1.0,17.0,1.0,1.2173913043478262,1.3043478260869565,0.9855072463768116,10.0
319,0.0,1.0,1.0,1.0,1.6129032258064515,1.0,0.9032258064516129,1.0,15.0,1.0,1.644859813084112,1.0467289719626167,1.4953271028037383,8.0
320,0.0,2.6,1.6388888888888888,0.8,1.037037037037037,2.2,1.4814814814814814,1.0,8.0,0.2,1.1759259259259258,1.3888888888888888,1.1296296296296295,17.0
321,0.0,1.0,1.1428571428571428,1.3333333333333333,1.4142857142857144,1.3333333333333333,1.1285714285714286,1.0,9.0,1.0,2.0,0.8055555555555556,1.8240740740740742,6.0
322,1.0,1.4,1.1759259259259258,0.6,1.212962962962963,1.0,1.0185185185185186,1.0,12.0,0.8,1.0740740740740742,1.462962962962963,0.8981481481481481,16.0
323,2.0,1.0,0.75,3.0,2.03125,3.0,0.96875,1.0,19.0,1.0,1.4907407407407407,1.3240740740740742,1.4907407407407407,5.0
324,1.0,3.0,2.064814814814815,1.0,0.9444444444444444,4.0,2.0,1.0,3.0,0.0,1.0,1.5625,0.875,14.0
325,2.0,0.4,1.0185185185185186,3.0,1.5462962962962963,1.0,1.0462962962962963,1.0,15.0,2.2,1.6296296296296295,1.212962962962963,1.5740740740740742,7.0
326,0.0,1.2,1.1111111111111112,1.6,1.4537037037037037,1.0,1.0555555555555556,1.0,20.0,1.8,1.2962962962962963,1.462962962962963,1.1574074074074074,11.0
327,1.0,1.3333333333333333,1.2428571428571429,1.3333333333333333,1.2857142857142858,1.3333333333333333,0.9857142857142858,1.0,10.0,1.3333333333333333,0.8857142857142857,1.8571428571428572,1.0,18.0
328,1.0,1.4,1.0185185185185186,1.2,1.5092592592592593,0.8,1.0277777777777777,1.0,13.0,1.4,1.462962962962963,1.25,1.5648148148148149,4.0
329,2.0,1.4,2.3055555555555554,0.8,0.6574074074074074,1.4,2.074074074074074,1.0,1.0,1.4,2.212962962962963,0.7314814814814815,1.9907407407407407,2.0
330,1.0,0.4,1.4495412844036697,2.4,1.2660550458715596,1.2,1.5596330275229358,1.0,4.0,2.2,2.073394495412844,0.9357798165137615,1.9908256880733946,3.0
331,0.0,1.8,1.6422018348623852,1.6,1.201834862385321,2.2,1.5688073394495412,1.0,6.0,0.6,1.6330275229357798,1.0458715596330275,1.4862385321100917,8.0
332,0.0,1.2,1.0642201834862386,1.8,1.4678899082568808,0.6,0.8990825688073395,1.0,16.0,1.8,1.110091743119266,1.4403669724770642,1.0458715596330275,20.0
333,1.0,2.6,2.220183486238532,0.8,0.7339449541284404,2.4,1.9908256880733946,1.0,1.0,0.2,1.0091743119266054,1.5412844036697249,1.036697247706422,15.0
334,1.0,1.3333333333333333,1.5045871559633028,1.0,1.3211009174311927,0.6666666666666666,1.5321100917431192,1.0,5.0,1.3333333333333333,1.1408450704225352,1.408450704225352,1.1267605633802817,9.0
335,0.0,2.0,1.9908256880733946,0.6,0.8073394495412844,1.2,1.81651376146789,1.0,7.0,0.8,1.1926605504587156,1.2110091743119267,1.0275229357798166,12.0
336,0.0,0.2,1.2935779816513762,1.8,1.4495412844036697,0.4,1.146788990825688,1.0,11.0,2.6,2.2844036697247705,0.6697247706422018,2.0642201834862384,2.0
337,0.0,1.0,0.9696969696969697,2.0,1.5454545454545454,2.0,0.8484848484848485,1.0,14.0,1.0,1.267605633802817,1.267605633802817,1.0,10.0
338,2.0,0.0,0.8732394366197183,2.0,1.8591549295774648,0.0,0.9859154929577465,1.0,18.0,3.0,0.7272727272727273,2.1515151515151514,0.9696969696969697,19.0
339,1.0,2.0,1.1743119266055047,1.0,1.3944954128440368,1.8,1.1376146788990826,1.0,17.0,0.8,1.036697247706422,1.5045871559633028,1.0458715596330275,13.0
340,1.0,2.0,1.981818181818182,0.6,0.8,2.0,1.8,1.0,7.0,0.8,1.190909090909091,1.3818181818181818,1.1363636363636365,17.0
341,2.0,1.4,1.1090909090909091,0.8,1.4272727272727272,1.0,1.0363636363636364,1.0,20.0,1.4,1.6363636363636365,1.209090909090909,1.5727272727272728,6.0
342,1.0,0.2,1.0636363636363637,2.2,1.4545454545454546,0.2,0.8909090909090909,1.0,16.0,2.6,2.0545454545454547,0.9454545454545454,1.981818181818182,3.0
343,1.0,1.0,1.4636363636363636,2.0,1.2636363636363637,1.2,1.5636363636363637,1.0,4.0,1.6,2.227272727272727,0.7272727272727273,1.981818181818182,1.0
344,0.0,3.0,1.125,0.0,1.4583333333333333,1.0,1.125,1.0,10.0,0.0,0.8611111111111112,1.8888888888888888,0.9861111111111112,19.0
345,2.0,1.2,1.290909090909091,1.2,1.4363636363636363,0.8,1.1363636363636365,1.0,11.0,1.2,1.6272727272727272,1.0545454545454545,1.490909090909091,8.0
346,0.0,0.0,1.190909090909091,2.0,1.2,1.0,1.018181818181818,1.0,12.0,3.0,0.9705882352941176,1.5,0.8235294117647058,14.0
347,2.0,1.3333333333333333,1.2638888888888888,1.3333333333333333,1.25,1.3333333333333333,0.9861111111111112,1.0,9.0,1.3333333333333333,1.0,1.5363636363636364,1.0272727272727273,15.0
348,1.0,0.0,1.0272727272727273,3.0,1.5,1.0,1.0363636363636364,1.0,13.0,3.0,0.7941176470588235,2.1176470588235294,1.0588235294117647,18.0
349,2.0,1.2,1.518181818181818,1.6,1.3181818181818181,1.2,1.5636363636363637,1.0,5.0,1.8,2.272727272727273,0.6636363636363637,2.0454545454545454,2.0
350,1.0,3.0,2.2072072072072073,0.6666666666666666,0.7387387387387387,2.0,1.972972972972973,1.0,1.0,0.0,1.2465753424657535,1.2602739726027397,0.9863013698630136,10.0
351,2.0,0.0,0.7714285714285715,4.0,2.1142857142857143,0.0,1.0571428571428572,1.0,19.0,3.0,1.990990990990991,0.7927927927927928,1.8108108108108107,7.0
352,1.0,1.8,1.6396396396396395,0.6,1.063063063063063,1.4,1.5045045045045045,1.0,8.0,1.2,1.1891891891891893,1.1891891891891893,1.009009009009009,11.0
353,1.0,3.0,1.6486486486486487,0.6666666666666666,1.2072072072072073,2.6666666666666665,1.5765765765765767,1.0,6.0,0.0,1.1232876712328768,1.4383561643835616,1.1095890410958904,9.0
354,0.0,1.8,2.036036036036036,1.6,0.963963963963964,1.6,1.981981981981982,1.0,3.0,1.2,1.5045045045045045,1.3153153153153154,1.5495495495495495,5.0
355,0.0,1.2,1.018018018018018,1.6,1.5315315315315314,1.2,1.0360360360360361,1.0,14.0,1.8,1.0990990990990992,1.4324324324324325,1.0360360360360361,20.0
356,2.0,0.0,0.863013698630137,3.0,1.8630136986301369,0.6666666666666666,0.9726027397260274,1.0,18.0,3.0,1.045045045045045,1.4954954954954955,1.045045045045045,13.0
357,1.0,1.4,1.1801801801801801,0.8,1.3963963963963963,0.8,1.1261261261261262,1.0,17.0,1.4,1.0810810810810811,1.4594594594594594,0.9099099099099099,15.0
358,0.0,0.0,0.9714285714285714,3.0,1.457142857142857,1.0,0.8,1.0,16.0,3.0,1.2792792792792793,1.4504504504504505,1.1441441441441442,12.0
359,1.0,2.2,2.279279279279279,0.8,0.6576576576576577,2.0,2.036036036036036,1.0,2.0,0.4,1.4774774774774775,1.2612612612612613,1.5675675675675675,4.0
360,1.0,0.2,1.2767857142857142,3.4,1.4464285714285714,0.6,1.1428571428571428,1.0,12.0,2.6,2.0267857142857144,0.9553571428571429,1.9642857142857142,3.0
361,0.0,2.0,1.0714285714285714,0.6666666666666666,1.4732142857142858,2.3333333333333335,0.9196428571428571,1.0,16.0,1.0,0.8513513513513513,1.8513513513513513,0.9594594594594594,18.0
362,2.0,0.2,1.0625,2.0,1.4821428571428572,0.6,1.0446428571428572,1.0,11.0,2.6,2.2857142857142856,0.6607142857142857,2.044642857142857,2.0
363,1.0,0.2,1.1785714285714286,2.0,1.1964285714285714,1.0,1.0089285714285714,1.0,13.0,2.6,1.1964285714285714,1.4017857142857142,1.1428571428571428,17.0
364,2.0,1.6,2.0,0.6,0.7857142857142857,0.8,1.8303571428571428,1.0,7.0,1.0,2.2142857142857144,0.7321428571428571,2.017857142857143,1.0
365,1.0,1.6,1.5,1.2,1.3035714285714286,1.4,1.5357142857142858,1.0,6.0,1.0,1.6607142857142858,1.1964285714285714,1.5714285714285714,5.0
366,1.0,3.0,1.0982142857142858,0.0,1.4375,1.0,1.0446428571428572,1.0,20.0,0.0,0.9722222222222222,1.4444444444444444,0.8055555555555556,15.0
367,0.0,0.3333333333333333,1.2297297297297298,2.3333333333333335,1.337837837837838,1.3333333333333333,0.972972972972973,1.0,10.0,2.3333333333333335,1.6517857142857142,1.0625,1.5089285714285714,8.0
368,1.0,1.2,1.4642857142857142,1.4,1.2767857142857142,1.6,1.5625,1.0,4.0,1.2,1.0178571428571428,1.5357142857142858,1.0446428571428572,14.0
369,1.0,0.0,1.1081081081081081,2.0,1.4324324324324325,1.0,1.0945945945945945,1.0,9.0,3.0,0.75,2.1666666666666665,1.0277777777777777,19.0
370,1.0,2.0,2.0088495575221237,0.4,0.9646017699115044,1.2,1.9557522123893805,1.0,3.0,0.8,1.1946902654867257,1.2035398230088497,1.0265486725663717,12.0
371,2.0,2.0,1.6460176991150441,1.0,1.2123893805309736,2.2,1.5663716814159292,1.0,6.0,0.8,1.2920353982300885,1.4424778761061947,1.1504424778761062,11.0
372,1.0,2.0,1.008849557522124,0.6666666666666666,1.5309734513274336,1.6666666666666667,1.0353982300884956,1.0,14.0,1.0,1.1333333333333333,1.4266666666666667,1.1066666666666667,9.0
373,1.0,0.0,0.7297297297297297,5.0,2.1621621621621623,0.0,1.027027027027027,1.0,20.0,3.0,1.4778761061946903,1.2654867256637168,1.5575221238938053,4.0
374,1.0,2.0,2.2212389380530975,1.0,0.7256637168141593,1.4,2.017699115044248,1.0,1.0,0.8,1.0707964601769913,1.4778761061946903,0.9292035398230089,15.0
375,1.0,1.4,1.6460176991150441,1.2,1.0530973451327434,1.0,1.4955752212389382,1.0,8.0,1.4,1.1150442477876106,1.4336283185840708,1.0619469026548674,19.0
376,0.0,0.3333333333333333,0.8533333333333334,3.6666666666666665,1.8533333333333333,1.3333333333333333,0.9733333333333334,1.0,18.0,2.3333333333333335,1.9823008849557522,0.7964601769911505,1.8141592920353982,7.0
377,1.0,3.0,2.2920353982300883,0.0,0.6548672566371682,2.6666666666666665,2.0353982300884956,1.0,2.0,0.0,1.2266666666666666,1.32,0.96,10.0
378,0.0,0.8,1.1858407079646018,1.8,1.415929203539823,0.6,1.1504424778761062,1.0,17.0,2.0,1.5132743362831858,1.3008849557522124,1.5486725663716814,5.0
379,1.0,0.0,0.9459459459459459,5.0,1.4864864864864864,2.0,0.8108108108108109,1.0,16.0,3.0,1.0530973451327434,1.4778761061946903,1.0353982300884956,13.0
